x.coord,y.coord,species,dbh,status
0.078,0.091,blackoak,0.85,1
0.076,0.266,blackoak,0.9,1
0.051,0.225,blackoak,1.11,1
0.015,0.366,blackoak,0.18,0
0.03,0.426,blackoak,0.32,1
0.102,0.474,blackoak,0.11,1
0.135,0.498,blackoak,0.96,1
0.121,0.489,blackoak,1.4,0
0.04,0.596,blackoak,0.06,1
0.065,0.608,blackoak,2.7,1
0.091,0.587,blackoak,1.36,1
0.139,0.627,blackoak,0.36,1
0.146,0.671,blackoak,2.39,1
0.128,0.705,blackoak,0.08,0
0.03,0.665,blackoak,1.49,0
0.064,0.739,blackoak,0.71,1
0.035,0.776,blackoak,0.12,1
0.069,0.769,blackoak,2.59,0
0.091,0.748,blackoak,1.58,1
0.107,0.728,blackoak,0.58,1
0.096,0.767,blackoak,1.99,1
0.079,0.776,blackoak,0.51,1
0.129,0.815,blackoak,2.44,1
0.14,0.839,blackoak,1.92,1
0.04,0.844,blackoak,0.83,1
0.003,0.857,blackoak,1.68,1
0.002,0.858,blackoak,0.17,1
0.001,0.887,blackoak,0.27,1
0.036,0.859,blackoak,0.04,1
0.048,0.883,blackoak,0.85,1
0.053,0.907,blackoak,2.34,1
0.129,0.917,blackoak,1.16,1
0.118,0.975,blackoak,0.14,0
0.061,0.976,blackoak,2.13,1
0.271,0.986,blackoak,0.79,0
0.222,0.921,blackoak,0.66,1
0.158,0.939,blackoak,2.59,1
0.186,0.611,blackoak,1.85,1
0.179,0.495,blackoak,1.38,1
0.249,0.487,blackoak,0.32,1
0.265,0.465,blackoak,2.59,1
0.242,0.557,blackoak,2.48,0
0.195,0.554,blackoak,0.12,1
0.205,0.545,blackoak,1.15,0
0.203,0.514,blackoak,0.49,1
0.166,0.528,blackoak,1.95,1
0.153,0.51,blackoak,0.15,1
0.284,0.32,blackoak,0.15,1
0.233,0.015,blackoak,1.87,1
0.417,0.268,blackoak,1.23,1
0.154,0.08,blackoak,1.04,1
0.287,0.018,blackoak,0.56,1
0.346,0.37,blackoak,1.92,0
0.33,0.367,blackoak,0.17,0
0.289,0.381,blackoak,0.33,1
0.328,0.418,blackoak,0.07,1
0.354,0.469,blackoak,1.44,1
0.311,0.492,blackoak,1.3,0
0.28,0.471,blackoak,1.04,1
0.405,0.497,blackoak,0.25,1
0.351,0.567,blackoak,4.06,1
0.342,0.594,blackoak,0.1,1
0.364,0.587,blackoak,0.34,1
0.383,0.819,blackoak,3.34,1
0.332,0.84,blackoak,0.13,1
0.33,0.869,blackoak,2.11,1
0.36,0.853,blackoak,1.29,1
0.294,0.88,blackoak,0.08,1
0.364,0.886,blackoak,2.86,1
0.371,0.882,blackoak,2.66,1
0.376,0.878,blackoak,0.72,1
0.387,0.869,blackoak,0.02,1
0.386,0.9,blackoak,3.27,1
0.368,0.922,blackoak,0.58,1
0.34,0.975,blackoak,1.02,1
0.327,0.984,blackoak,0.21,1
0.342,0.945,blackoak,0.44,1
0.445,0.977,blackoak,1.47,1
0.453,0.733,blackoak,2.62,1
0.588,0.032,blackoak,0.85,0
0.601,0.003,blackoak,0.33,1
0.606,0.069,blackoak,0.28,1
0.629,0.093,blackoak,2.11,1
0.634,0.155,blackoak,0.64,1
0.669,0.326,blackoak,3.44,1
0.659,0.416,blackoak,1.91,1
0.575,0.36,blackoak,0.21,1
0.633,0.422,blackoak,0.83,1
0.703,0.764,blackoak,2.6,1
0.623,0.873,blackoak,2.29,1
0.629,0.866,blackoak,3.71,0
0.641,0.899,blackoak,0.7,1
0.699,0.932,blackoak,1.49,1
0.713,0.976,blackoak,2.87,1
0.701,0.979,blackoak,0.47,1
0.752,0.864,blackoak,2.21,0'
0.737,0.861,blackoak,0.77,1
0.799,0.908,blackoak,0.16,1
0.806,0.897,blackoak,0.87,1
0.828,0.906,blackoak,0.42,0
0.845,0.906,blackoak,0.9,1
0.856,0.894,blackoak,1.91,1
0.848,0.883,blackoak,3.21,1
0.789,0.893,blackoak,2.44,1
0.793,0.977,blackoak,1.83,1
0.734,0.973,blackoak,0.29,1
0.739,0.963,blackoak,2.2,0
0.747,0.979,blackoak,0.78,1
0.749,0.975,blackoak,1.27,1
0.766,0.973,blackoak,1.63,1
0.78,0.946,blackoak,1.9,1
0.735,0.766,blackoak,1.85,1
0.838,0.841,blackoak,3.56,1
0.782,0.629,blackoak,0.13,0
0.804,0.699,blackoak,2.53,1
0.819,0.681,blackoak,3.6,1
0.75,0.693,blackoak,0.41,1
0.766,0.149,blackoak,0.25,1
0.829,0.169,blackoak,0.4,1
0.734,0.063,blackoak,1.72,1
0.795,0.117,blackoak,0.3,0
0.846,0.109,blackoak,0.19,1
0.891,0.105,blackoak,2.46,1
0.91,0.184,blackoak,3.01,1
0.881,0.386,blackoak,0.88,1
0.872,0.864,blackoak,0.42,1
0.86,0.893,blackoak,1.46,1
0.904,0.889,blackoak,4.01,1
0.872,0.925,blackoak,0.13,1
0.926,0.879,blackoak,1.18,1
0.96,0.874,blackoak,0.19,1
0.982,0.918,blackoak,0.45,1
0.968,0.91,blackoak,0.84,0
0.927,0.95,blackoak,0.14,1
0.929,0.961,blackoak,0.74,1
0.069,0.014,hickory,0.62,1
0.049,0.057,hickory,0.86,1
0.094,0.015,hickory,1.66,1
0.106,0.036,hickory,0.86,1
0.13,0.126,hickory,0.12,1
0.081,0.079,hickory,3.86,1
0.027,0.068,hickory,1.05,1
0.027,0.069,hickory,0.28,1
0.034,0.081,hickory,0.36,1
0.066,0.132,hickory,1.66,1
0.04,0.115,hickory,2.71,1
0.031,0.108,hickory,0.34,1
0.04,0.074,hickory,0.75,1
0.041,0.074,hickory,0.28,1
0.039,0.156,hickory,5.13,1
0.023,0.207,hickory,5.87,1
0.098,0.142,hickory,1.22,1
0.084,0.176,hickory,5.26,1
0.053,0.221,hickory,3.4,1
0.035,0.3,hickory,6.45,0
0.036,0.31,hickory,2.21,1
0.05,0.284,hickory,0.82,1
0.027,0.327,hickory,0.47,1
0.108,0.307,hickory,1.99,1
0.134,0.328,hickory,1.36,1
0.143,0.353,hickory,0.83,1
0.128,0.379,hickory,0.7,1
0.105,0.411,hickory,2.54,1
0.129,0.385,hickory,1.27,1
0.036,0.358,hickory,1.51,0
0.03,0.36,hickory,6.15,1
0.028,0.354,hickory,0.51,1
0.031,0.376,hickory,1.45,1
0.03,0.453,hickory,1.39,1
0.068,0.453,hickory,1.74,1
0.075,0.49,hickory,1.73,1
0.047,0.474,hickory,3.33,1
0.023,0.486,hickory,0.56,1
0.069,0.481,hickory,1.15,1
0.076,0.422,hickory,1,1
0.082,0.458,hickory,2.75,1
0.089,0.444,hickory,3.78,0
0.107,0.437,hickory,1.49,1
0.146,0.444,hickory,1.17,1
0.089,0.473,hickory,0.7,1
0.078,0.47,hickory,0.82,1
0.084,0.513,hickory,3.53,1
0.11,0.516,hickory,0.8,1
0.132,0.518,hickory,2.95,1
0.122,0.539,hickory,2.45,1
0.124,0.555,hickory,1,1
0.124,0.563,hickory,3.48,1
0.103,0.537,hickory,4.44,1
0.091,0.555,hickory,10.24,1
0.118,0.554,hickory,0.7,1
0.027,0.539,hickory,2.73,1
0.079,0.562,hickory,3.58,1
0.025,0.605,hickory,3.11,1
0.026,0.587,hickory,4.23,1
0.03,0.571,hickory,0.27,1
0.039,0.594,hickory,4.36,1
0.047,0.582,hickory,0.89,1
0.054,0.58,hickory,4.07,1
0.077,0.594,hickory,2.02,1
0.07,0.635,hickory,5.89,1
0.054,0.617,hickory,1.28,1
0.042,0.589,hickory,1.17,1
0.069,0.567,hickory,0.38,1
0.081,0.62,hickory,2.4,1
0.092,0.575,hickory,2.38,1
0.102,0.571,hickory,1.09,1
0.147,0.569,hickory,4.46,1
0.131,0.618,hickory,0.71,1
0.098,0.62,hickory,1.95,1
0.12,0.608,hickory,3.49,1
0.081,0.671,hickory,1.81,1
0.102,0.676,hickory,1.68,1
0.116,0.68,hickory,2.23,1
0.118,0.683,hickory,3.2,1
0.094,0.701,hickory,1.7,1
0.079,0.648,hickory,0.34,1
0.065,0.671,hickory,1.71,1
0.047,0.701,hickory,2.87,1
0.053,0.709,hickory,1.63,1
0.035,0.701,hickory,0.69,0
0.03,0.692,hickory,0.45,1
0.026,0.684,hickory,3.12,1
0.047,0.666,hickory,0.53,1
0.064,0.694,hickory,1.17,1
0.032,0.711,hickory,0.94,0
0.024,0.727,hickory,1.66,1
0.027,0.741,hickory,2.65,1
0.035,0.725,hickory,0.55,1
0.04,0.732,hickory,3.6,1
0.045,0.721,hickory,1.32,1
0.07,0.712,hickory,3.47,1
0.045,0.76,hickory,1.26,1
0.032,0.772,hickory,2.64,1
0.08,0.721,hickory,5.51,1
0.078,0.725,hickory,0.35,1
0.092,0.732,hickory,2.28,1
0.097,0.72,hickory,3.62,1
0.136,0.763,hickory,3.19,0
0.127,0.773,hickory,0.28,1
0.106,0.747,hickory,1.77,1
0.131,0.752,hickory,5.69,1
0.109,0.772,hickory,5.9,1
0.145,0.787,hickory,0.81,1
0.095,0.804,hickory,3.18,0
0.129,0.807,hickory,1.94,1
0.142,0.844,hickory,1.28,1
0.135,0.843,hickory,5.25,1
0.1,0.794,hickory,3.41,1
0.01,0.795,hickory,1.46,1
0.027,0.787,hickory,1.35,1
0.028,0.799,hickory,4.77,1
0.029,0.814,hickory,1.62,1
0.064,0.838,hickory,1.22,0
0.009,0.819,hickory,3.94,1
0.027,0.877,hickory,5.38,1
0.038,0.866,hickory,6.42,1
0.037,0.882,hickory,1.23,1
0.054,0.851,hickory,5.08,1
0.066,0.867,hickory,0.89,1
0.07,0.903,hickory,6.19,1
0.068,0.912,hickory,1.07,1
0.063,0.91,hickory,1.78,1
0.035,0.9,hickory,2.51,1
0.034,0.899,hickory,1.92,1
0.024,0.907,hickory,4.06,1
0.001,0.864,hickory,0.58,1
0.054,0.865,hickory,1.9,1
0.061,0.863,hickory,0.89,1
0.077,0.867,hickory,0.43,1
0.085,0.855,hickory,0.52,1
0.116,0.882,hickory,1.02,0
0.12,0.886,hickory,0.39,1
0.136,0.863,hickory,2.23,1
0.142,0.881,hickory,1.17,1
0.127,0.899,hickory,5.35,1
0.115,0.905,hickory,1.26,1
0.101,0.921,hickory,0.02,1
0.137,0.911,hickory,2.11,0
0.123,0.893,hickory,1.92,1
0.101,0.923,hickory,3.42,1
0.123,0.925,hickory,0.63,0
0.136,0.978,hickory,0.29,1
0.127,0.939,hickory,5,1
0.115,0.942,hickory,0.17,1
0.114,0.95,hickory,7.8,1
0.108,0.965,hickory,4.02,0
0.105,0.959,hickory,1.18,1
0.104,0.975,hickory,1.35,1
0.081,0.974,hickory,0.6,1
0.078,0.952,hickory,0.07,1
0.026,0.939,hickory,3.57,1
0.035,0.942,hickory,1.79,1
0.071,0.931,hickory,1.42,1
0.076,0.953,hickory,4.98,1
0.065,0.981,hickory,4.51,1
0.064,0.981,hickory,0.02,1
0.047,0.749,hickory,2.61,1
0.041,0.96,hickory,0.82,1
0.031,0.965,hickory,1.52,1
0.031,0.963,hickory,0.87,1
0.052,0.949,hickory,1.43,0
0.207,0.918,hickory,3.46,1
0.183,0.908,hickory,3.06,1
0.172,0.908,hickory,1.13,1
0.175,0.88,hickory,2.69,1
0.216,0.892,hickory,1.61,1
0.219,0.853,hickory,3.07,1
0.16,0.864,hickory,2.65,1
0.198,0.852,hickory,1.51,1
0.278,0.912,hickory,4.58,1
0.245,0.912,hickory,2.3,1
0.229,0.896,hickory,1.11,1
0.24,0.889,hickory,0.44,1
0.246,0.896,hickory,1.16,1
0.274,0.89,hickory,1.08,1
0.219,0.945,hickory,3.41,1
0.244,0.947,hickory,4.98,1
0.279,0.979,hickory,0.22,1
0.288,0.924,hickory,4.15,1
0.234,0.943,hickory,2.37,1
0.209,0.922,hickory,1.45,1
0.168,0.922,hickory,2.59,1
0.163,0.932,hickory,1.78,1
0.17,0.763,hickory,1.81,1
0.163,0.767,hickory,0.77,1
0.154,0.767,hickory,2.81,1
0.159,0.756,hickory,2.13,1
0.157,0.723,hickory,3.97,1
0.179,0.748,hickory,1.73,1
0.166,0.724,hickory,2.32,1
0.281,0.78,hickory,1.75,1
0.258,0.768,hickory,3.27,1
0.229,0.815,hickory,2.68,1
0.238,0.816,hickory,3.43,0
0.249,0.829,hickory,1.76,1
0.248,0.835,hickory,1.64,1
0.279,0.804,hickory,1.67,1
0.265,0.802,hickory,0.08,1
0.225,0.792,hickory,1.57,1
0.228,0.789,hickory,2.92,1
0.153,0.831,hickory,0.12,1
0.162,0.846,hickory,3.23,1
0.167,0.812,hickory,3.84,1
0.176,0.815,hickory,1.38,1
0.174,0.831,hickory,2.52,1
0.203,0.839,hickory,2.26,0
0.211,0.827,hickory,2.32,1
0.16,0.784,hickory,1.5,1
0.186,0.845,hickory,2.99,1
0.155,0.607,hickory,3.03,1
0.193,0.568,hickory,2.56,1
0.174,0.598,hickory,5.4,1
0.166,0.61,hickory,0.37,1
0.268,0.592,hickory,1.21,1
0.258,0.59,hickory,2.14,1
0.26,0.582,hickory,1.86,1
0.253,0.703,hickory,1.78,1
0.276,0.677,hickory,0.59,1
0.289,0.672,hickory,3.21,1
0.207,0.7,hickory,4.72,1
0.156,0.67,hickory,1.59,1
0.162,0.68,hickory,3.25,1
0.148,0.661,hickory,0.95,1
0.161,0.489,hickory,3.88,1
0.209,0.495,hickory,0.03,1
0.224,0.477,hickory,3.04,1
0.228,0.487,hickory,1.85,1
0.222,0.457,hickory,1.59,0
0.22,0.445,hickory,3.88,1
0.238,0.55,hickory,1.01,1
0.247,0.519,hickory,2.52,1
0.229,0.522,hickory,3.2,1
0.221,0.521,hickory,2.29,1
0.254,0.498,hickory,3.05,1
0.262,0.524,hickory,0.48,1
0.159,0.555,hickory,1.75,0
0.212,0.527,hickory,2.67,1
0.158,0.527,hickory,3.58,0
0.201,0.521,hickory,1.11,1
0.193,0.325,hickory,2.16,1
0.216,0.325,hickory,4.01,0
0.286,0.408,hickory,2.84,1
0.289,0.409,hickory,1.34,1
0.223,0.402,hickory,3.97,1
0.229,0.4,hickory,0.78,1
0.211,0.395,hickory,0.81,1
0.212,0.255,hickory,0.95,1
0.184,0.288,hickory,0.77,1
0.198,0.062,hickory,2.08,1
0.183,0,hickory,2.83,1
0.148,0.015,hickory,1.09,1
0.185,0.013,hickory,3.09,1
0.251,0.066,hickory,1.97,1
0.256,0.013,hickory,2.92,1
0.271,0.016,hickory,0.44,1
0.258,0.019,hickory,3.46,1
0.234,0.012,hickory,1.39,1
0.242,0.126,hickory,1.5,0
0.242,0.136,hickory,1.86,0
0.268,0.108,hickory,2.97,1
0.265,0.088,hickory,1.9,1
0.253,0.104,hickory,1.21,1
0.256,0.071,hickory,2.59,1
0.398,0.154,hickory,3.7,1
0.416,0.167,hickory,3.99,1
0.424,0.156,hickory,1.23,1
0.413,0.182,hickory,1.7,1
0.37,0.251,hickory,0.76,1
0.419,0.273,hickory,1.29,0
0.385,0.273,hickory,3.04,1
0.29,0.293,hickory,0.25,1
0.394,0.307,hickory,1.2,1
0.404,0.312,hickory,2.95,1
0.415,0.306,hickory,0.96,1
0.417,0.326,hickory,0.04,1
0.372,0.368,hickory,0.63,1
0.302,0.008,hickory,3.51,1
0.32,0.061,hickory,4.55,1
0.294,0.066,hickory,2.88,0
0.406,0.008,hickory,4.83,1
0.289,0.095,hickory,0.38,1
0.339,0.131,hickory,3.58,1
0.409,0.408,hickory,1.98,1
0.404,0.418,hickory,0.78,1
0.335,0.407,hickory,0.71,1
0.354,0.422,hickory,2.85,1
0.31,0.438,hickory,2.15,1
0.332,0.426,hickory,2.95,1
0.317,0.465,hickory,4,1
0.338,0.477,hickory,1.84,1
0.394,0.436,hickory,1.63,1
0.417,0.45,hickory,0.1,1
0.427,0.436,hickory,4.25,0
0.43,0.447,hickory,0.43,1
0.474,0.477,hickory,3.11,1
0.329,0.532,hickory,4.71,0
0.33,0.531,hickory,1.41,1
0.335,0.508,hickory,1.01,1
0.353,0.561,hickory,2.08,1
0.323,0.613,hickory,1.28,1
0.348,0.62,hickory,2,1
0.347,0.667,hickory,0.51,1
0.409,0.649,hickory,2.39,1
0.356,0.709,hickory,4.68,1
0.304,0.701,hickory,0.55,0
0.331,0.718,hickory,0.36,1
0.307,0.716,hickory,4.43,1
0.323,0.737,hickory,1.69,1
0.331,0.727,hickory,0.75,1
0.333,0.746,hickory,0.93,1
0.342,0.725,hickory,0.03,1
0.347,0.727,hickory,0.87,1
0.358,0.725,hickory,0.79,1
0.36,0.769,hickory,2.98,1
0.342,0.771,hickory,2.5,1
0.344,0.761,hickory,1.13,1
0.346,0.755,hickory,1.91,1
0.302,0.752,hickory,0.88,0
0.304,0.769,hickory,2.23,1
0.318,0.781,hickory,2.43,1
0.333,0.763,hickory,3.02,1
0.387,0.722,hickory,1.03,1
0.425,0.719,hickory,3.19,1
0.37,0.775,hickory,0.58,1
0.405,0.847,hickory,4.98,1
0.419,0.819,hickory,2.24,1
0.408,0.833,hickory,1.43,1
0.398,0.832,hickory,2.74,1
0.39,0.839,hickory,2.32,1
0.367,0.83,hickory,2.93,1
0.304,0.785,hickory,1.14,1
0.308,0.792,hickory,7.19,1
0.314,0.802,hickory,3.69,0
0.328,0.787,hickory,1.49,1
0.329,0.847,hickory,2.97,1
0.312,0.654,hickory,1.07,1
0.321,0.865,hickory,0.1,1
0.325,0.882,hickory,1.76,1
0.323,0.902,hickory,1.55,1
0.294,0.909,hickory,2.04,1
0.38,0.856,hickory,3.52,1
0.389,0.927,hickory,3.17,1
0.425,0.973,hickory,0.74,0
0.384,0.972,hickory,0.86,1
0.366,0.973,hickory,4.57,1
0.307,0.985,hickory,0.95,1
0.291,0.986,hickory,4.2,1
0.412,0.946,hickory,3.5,0
0.465,0.897,hickory,1.87,1
0.463,0.915,hickory,1.81,1
0.44,0.987,hickory,0.05,1
0.461,0.987,hickory,0.78,1
0.497,0.958,hickory,2.49,1
0.438,0.756,hickory,1.6,1
0.553,0.76,hickory,4.48,1
0.576,0.833,hickory,0.82,1
0.475,0.834,hickory,1.03,1
0.436,0.841,hickory,4.88,1
0.513,0.703,hickory,4.01,0
0.538,0.522,hickory,1.71,1
0.459,0.486,hickory,3.39,1
0.49,0.489,hickory,1.71,1
0.498,0.471,hickory,2.06,1
0.501,0.435,hickory,1.09,1
0.501,0.446,hickory,1.34,1
0.444,0.435,hickory,1.91,1
0.578,0.501,hickory,1.65,1
0.543,0.47,hickory,4.21,1
0.556,0.465,hickory,0.43,1
0.54,0.452,hickory,2.91,1
0.448,0.542,hickory,0.69,1
0.459,0.537,hickory,2.92,1
0.491,0.522,hickory,2.63,1
0.475,0.522,hickory,0.07,1
0.459,0.527,hickory,1.43,1
0.492,0.561,hickory,1.65,1
0.456,0.53,hickory,3.43,1
0.438,0.35,hickory,4.66,1
0.473,0.332,hickory,2.02,1
0.473,0.308,hickory,6.58,1
0.556,0.354,hickory,0.99,1
0.437,0.421,hickory,0.91,0
0.446,0.412,hickory,0.11,1
0.508,0.41,hickory,0.98,1
0.482,0.403,hickory,3.41,0
0.487,0.182,hickory,1.37,1
0.439,0.157,hickory,0.23,1
0.534,0.254,hickory,4.27,1
0.569,0.127,hickory,0.42,1
0.495,0.119,hickory,2.35,1
0.439,0.104,hickory,1.97,1
0.459,0.094,hickory,3.3,1
0.693,0.006,hickory,0.2,1
0.686,0.008,hickory,0.39,1
0.708,0.133,hickory,3.15,1
0.657,0.128,hickory,5.15,1
0.577,0.105,hickory,0.66,1
0.608,0.098,hickory,3.07,1
0.619,0.132,hickory,2.73,1
0.609,0.126,hickory,2.77,1
0.631,0.168,hickory,4.61,1
0.621,0.201,hickory,2.59,1
0.62,0.203,hickory,3.11,1
0.617,0.19,hickory,1.64,0
0.708,0.184,hickory,4.84,1
0.671,0.218,hickory,2.68,1
0.619,0.347,hickory,2.58,1
0.659,0.354,hickory,0.62,1
0.694,0.376,hickory,1.51,1
0.682,0.377,hickory,2.81,1
0.601,0.385,hickory,0.3,1
0.585,0.404,hickory,4.01,1
0.616,0.491,hickory,0.19,0
0.615,0.492,hickory,3.75,1
0.636,0.496,hickory,2.93,1
0.639,0.492,hickory,2.32,1
0.682,0.442,hickory,2.14,1
0.712,0.458,hickory,2.79,1
0.706,0.476,hickory,2.12,1
0.696,0.466,hickory,1.21,1
0.672,0.476,hickory,1.27,1
0.658,0.494,hickory,0.54,1
0.714,0.501,hickory,3.57,1
0.661,0.525,hickory,3.49,1
0.673,0.534,hickory,2.19,1
0.66,0.562,hickory,1.9,1
0.629,0.516,hickory,0.97,0
0.617,0.537,hickory,0.83,1
0.604,0.543,hickory,3.32,1
0.588,0.547,hickory,1.2,1
0.584,0.595,hickory,1.21,1
0.609,0.597,hickory,1.43,1
0.712,0.584,hickory,0.84,1
0.703,0.618,hickory,1.53,1
0.667,0.702,hickory,1.11,1
0.666,0.715,hickory,0.25,1
0.579,0.718,hickory,0.71,0
0.641,0.739,hickory,1.22,1
0.602,0.753,hickory,0.62,1
0.695,0.737,hickory,0.23,1
0.686,0.751,hickory,1.16,1
0.672,0.762,hickory,6,0
0.656,0.721,hickory,1.75,1
0.659,0.795,hickory,0.8,1
0.598,0.839,hickory,1.17,1
0.619,0.841,hickory,1.68,1
0.584,0.855,hickory,0.39,1
0.629,0.91,hickory,0.77,1
0.585,0.854,hickory,2.56,1
0.654,0.851,hickory,0.26,1
0.654,0.897,hickory,2.13,1
0.661,0.937,hickory,2.18,1
0.683,0.948,hickory,1.47,1
0.68,0.987,hickory,1.26,1
0.677,0.923,hickory,0.06,1
0.663,0.958,hickory,3.66,1
0.627,0.952,hickory,2.1,1
0.639,0.935,hickory,0.25,1
0.64,0.983,hickory,2.16,1
0.64,0.983,hickory,6.39,1
0.623,0.986,hickory,1.74,0
0.608,0.979,hickory,6.02,1
0.596,0.989,hickory,5.08,1
0.639,0.983,hickory,0.11,1
0.767,0.922,hickory,3.07,1
0.733,0.902,hickory,2.23,1
0.747,0.883,hickory,2.64,1
0.779,0.873,hickory,3.14,0
0.839,0.913,hickory,1.3,1
0.813,0.96,hickory,2.51,1
0.848,0.981,hickory,1.67,1
0.852,0.979,hickory,0.81,1
0.854,0.984,hickory,1.03,1
0.858,0.944,hickory,0.53,1
0.721,0.978,hickory,4.33,1
0.782,0.974,hickory,0.46,1
0.776,0.947,hickory,0.45,1
0.728,0.924,hickory,1.36,1
0.737,0.718,hickory,1.55,1
0.838,0.782,hickory,0.65,1
0.811,0.769,hickory,0.04,1
0.821,0.752,hickory,0.05,1
0.831,0.744,hickory,2.55,1
0.855,0.844,hickory,0.08,1
0.823,0.812,hickory,3.53,1
0.82,0.805,hickory,1,1
0.828,0.813,hickory,0.32,1
0.827,0.811,hickory,0.18,1
0.819,0.813,hickory,0.47,1
0.815,0.819,hickory,1.31,1
0.758,0.819,hickory,3.36,1
0.768,0.831,hickory,0.36,0
0.742,0.648,hickory,2.72,1
0.789,0.62,hickory,1.57,1
0.793,0.585,hickory,0.22,1
0.771,0.597,hickory,6.99,1
0.763,0.583,hickory,2.74,1
0.748,0.604,hickory,0.18,1
0.831,0.65,hickory,4.14,1
0.803,0.637,hickory,1.48,1
0.842,0.635,hickory,2.35,1
0.816,0.591,hickory,2.79,1
0.804,0.588,hickory,2.21,1
0.798,0.706,hickory,3.47,1
0.803,0.7,hickory,2.93,1
0.806,0.701,hickory,1.4,1
0.811,0.665,hickory,0.01,1
0.801,0.68,hickory,2.34,1
0.832,0.674,hickory,4.29,1
0.744,0.703,hickory,2.38,1
0.786,0.711,hickory,5.6,1
0.75,0.671,hickory,2.45,1
0.769,0.495,hickory,3.38,1
0.738,0.471,hickory,3.22,1
0.756,0.472,hickory,1.05,1
0.764,0.47,hickory,2.55,1
0.777,0.443,hickory,1.58,1
0.753,0.442,hickory,3.71,1
0.748,0.453,hickory,1.98,1
0.738,0.446,hickory,1.69,0
0.731,0.439,hickory,2.88,1
0.802,0.465,hickory,0.01,1
0.848,0.479,hickory,1.52,1
0.823,0.438,hickory,1.54,1
0.804,0.545,hickory,0.78,1
0.827,0.544,hickory,4.22,1
0.83,0.538,hickory,2.26,1
0.842,0.555,hickory,1.83,1
0.831,0.509,hickory,0.92,1
0.741,0.537,hickory,2.47,1
0.782,0.55,hickory,4.63,1
0.774,0.51,hickory,0.71,1
0.727,0.526,hickory,0.06,1
0.841,0.338,hickory,0.8,1
0.803,0.413,hickory,4.22,1
0.816,0.395,hickory,3.31,1
0.746,0.407,hickory,1.06,1
0.79,0.393,hickory,1.25,1
0.725,0.422,hickory,3.14,1
0.784,0.389,hickory,2.52,1
0.727,0.201,hickory,1.13,1
0.773,0.185,hickory,0.49,1
0.832,0.149,hickory,1.75,0
0.802,0.155,hickory,2.72,1
0.854,0.268,hickory,0.62,1
0.832,0.222,hickory,4.67,1
0.829,0.223,hickory,1.38,1
0.825,0.233,hickory,3.36,0
0.846,0.256,hickory,0.28,1
0.778,0.279,hickory,1.54,1
0.789,0.253,hickory,1.09,0
0.729,0.231,hickory,1.69,1
0.782,0.014,hickory,1.3,1
0.794,0.032,hickory,0.82,1
0.823,0.015,hickory,0.96,1
0.785,0.078,hickory,0.19,1
0.748,0.123,hickory,1.45,1
0.95,0.021,hickory,1.6,1
0.926,0.052,hickory,0.06,1
0.943,0.093,hickory,2.67,1
0.951,0.08,hickory,0.98,1
0.907,0.115,hickory,1.33,1
0.895,0.149,hickory,3.18,1
0.908,0.148,hickory,0.23,1
0.976,0.181,hickory,2.88,1
1,0.199,hickory,2.22,1
0.991,0.199,hickory,5.04,1
0.97,0.211,hickory,1.42,1
0.944,0.205,hickory,2.19,1
0.972,0.264,hickory,2.61,1
0.923,0.278,hickory,1.53,1
0.916,0.277,hickory,1.44,0
0.997,0.234,hickory,2.12,1
0.88,0.227,hickory,1.19,1
0.898,0.254,hickory,1.51,1
0.866,0.293,hickory,4.14,1
0.881,0.289,hickory,1.35,1
0.906,0.305,hickory,2.15,1
0.896,0.34,hickory,4.37,1
0.892,0.343,hickory,1.35,1
0.883,0.325,hickory,2.69,1
0.874,0.33,hickory,0.91,1
0.893,0.315,hickory,1.18,1
0.913,0.31,hickory,3.95,1
0.929,0.315,hickory,2.28,1
0.968,0.285,hickory,1.18,1
0.932,0.324,hickory,0.03,1
0.924,0.333,hickory,4.03,1
0.948,0.341,hickory,1.34,0
0.942,0.364,hickory,1.41,1
0.949,0.359,hickory,2.53,1
0.962,0.37,hickory,1.76,1
0.998,0.421,hickory,1.71,1
0.987,0.292,hickory,5.03,1
0.963,0.323,hickory,0.75,1
0.951,0.325,hickory,3.33,1
0.946,0.325,hickory,1.95,1
0.964,0.424,hickory,3.21,1
0.951,0.399,hickory,3.75,0
0.881,0.394,hickory,2.61,1
0.916,0.396,hickory,0.94,0
0.922,0.38,hickory,4.72,1
0.927,0.399,hickory,0.4,1
0.892,0.417,hickory,1.88,1
0.885,0.425,hickory,0.11,1
0.872,0.406,hickory,1.73,1
0.872,0.427,hickory,0.9,1
0.908,0.43,hickory,5.49,1
0.921,0.501,hickory,0.15,1
0.908,0.479,hickory,3.76,1
0.877,0.465,hickory,3.03,0
0.972,0.444,hickory,1.37,1
0.977,0.445,hickory,0.05,0
0.953,0.496,hickory,4.14,1
0.977,0.534,hickory,1.28,1
0.95,0.557,hickory,3.98,1
0.89,0.515,hickory,0.42,1
0.939,0.511,hickory,2.75,1
0.918,0.544,hickory,1.31,1
0.905,0.621,hickory,2.82,1
0.897,0.607,hickory,7.58,1
0.924,0.591,hickory,3.52,1
0.955,0.663,hickory,3.43,1
0.969,0.657,hickory,0.53,0
0.945,0.692,hickory,1.71,1
0.968,0.607,hickory,2.43,1
0.982,0.604,hickory,2.05,1
0.978,0.628,hickory,1.27,1
0.966,0.697,hickory,4.26,1
0.882,0.662,hickory,0.52,1
0.89,0.665,hickory,4.23,0
0.89,0.661,hickory,1.73,1
0.889,0.652,hickory,2.79,1
0.89,0.647,hickory,3.46,1
0.927,0.654,hickory,4.48,1
0.946,0.66,hickory,4.82,0
0.932,0.701,hickory,0.04,1
0.903,0.712,hickory,0.59,1
0.902,0.688,hickory,0.89,1
0.885,0.696,hickory,2.15,1
0.902,0.697,hickory,1.04,1
0.895,0.747,hickory,1.73,1
0.926,0.775,hickory,1,1
0.93,0.763,hickory,0.02,1
0.905,0.76,hickory,1.18,1
0.894,0.774,hickory,0.66,0
0.895,0.781,hickory,0.77,1
0.896,0.782,hickory,3.62,1
0.889,0.749,hickory,3.26,0
0.892,0.762,hickory,0.18,1
0.952,0.736,hickory,4.38,0
0.96,0.722,hickory,0.13,1
0.973,0.722,hickory,2.57,1
0.996,0.736,hickory,2.64,1
0.95,0.76,hickory,3.25,1
0.95,0.747,hickory,0.99,1
0.938,0.748,hickory,5.33,1
0.936,0.771,hickory,5.73,1
0.969,0.737,hickory,1.92,0
0.953,0.791,hickory,1.59,1
0.957,0.805,hickory,0.56,1
0.959,0.8,hickory,3.08,1
0.996,0.802,hickory,0.98,1
0.972,0.837,hickory,0.93,1
0.974,0.827,hickory,0.19,1
0.944,0.826,hickory,3.24,1
0.883,0.789,hickory,2.94,1
0.874,0.794,hickory,1.07,1
0.919,0.792,hickory,0.67,0
0.916,0.828,hickory,1.59,1
0.908,0.854,hickory,0.28,1
0.9,0.841,hickory,2.25,1
0.881,0.855,hickory,5.44,1
0.868,0.857,hickory,0.71,1
0.921,0.884,hickory,2.62,1
0.923,0.921,hickory,4.04,1
0.934,0.856,hickory,2.38,0
0.963,0.904,hickory,0.85,0
0.936,0.922,hickory,2.18,0
0.968,0.902,hickory,0.9,1
0.984,0.931,hickory,0.13,1
0.998,0.975,hickory,4.13,0
0.987,0.977,hickory,3.62,0
0.992,0.986,hickory,0.81,1
0.963,0.985,hickory,0.43,1
0.944,0.977,hickory,3.44,1
0.93,0.277,hickory,1,1
0.957,0.939,hickory,4.28,0
0.994,0.985,hickory,0.83,1
0.883,0.958,hickory,1.85,1
0.909,0.963,hickory,3.12,1
0.925,0.989,hickory,2.53,1
0.879,0.985,hickory,2.21,1
0.896,0.961,hickory,1.42,1
0.891,0.991,hickory,0.63,1
0.858,0.984,hickory,1.45,1
0.391,0.402,hickory,0.6,1
0.421,0.383,hickory,0.79,1
0.121,0.041,maple,1.11,1
0.097,0.064,maple,1.15,0
0.135,0.064,maple,2.54,1
0.131,0.106,maple,5.72,1
0.116,0.079,maple,3.14,1
0.067,0.121,maple,0.06,1
0.058,0.083,maple,1.75,1
0.009,0.147,maple,0.91,1
0.116,0.157,maple,2.71,1
0.137,0.169,maple,8.35,1
0.119,0.2,maple,3.81,1
0.096,0.194,maple,0.49,1
0.081,0.208,maple,2.47,1
0.094,0.205,maple,6.57,0
0.106,0.156,maple,2.91,1
0.14,0.184,maple,0.1,1
0.096,0.195,maple,2.56,1
0.095,0.19,maple,2.16,1
0.077,0.218,maple,3.17,1
0.081,0.242,maple,3.68,1
0.131,0.266,maple,3.39,1
0.132,0.267,maple,2.85,1
0.128,0.276,maple,2.13,1
0.104,0.261,maple,2.91,1
0.092,0.254,maple,1.95,1
0.087,0.258,maple,3.7,1
0.07,0.223,maple,3.46,0
0.14,0.334,maple,3.87,1
0.066,0.732,maple,3.98,0
0.227,0.865,maple,2.1,1
0.249,0.945,maple,0.45,1
0.146,0.721,maple,0.88,1
0.26,0.744,maple,0.52,1
0.195,0.583,maple,2.84,1
0.275,0.616,maple,2.28,1
0.285,0.571,maple,4.83,1
0.275,0.57,maple,2.36,1
0.284,0.683,maple,6.38,0
0.29,0.697,maple,4.47,1
0.274,0.648,maple,3.42,1
0.2,0.455,maple,5.4,0
0.25,0.466,maple,2.51,1
0.248,0.478,maple,7.75,1
0.255,0.567,maple,4.23,1
0.17,0.294,maple,6.43,1
0.251,0.301,maple,2.98,1
0.225,0.292,maple,2.56,1
0.265,0.413,maple,0.31,1
0.182,0.372,maple,4.24,1
0.159,0.169,maple,1.86,1
0.186,0.175,maple,1.8,1
0.198,0.212,maple,3.16,1
0.202,0.18,maple,3.06,1
0.206,0.206,maple,2.92,0
0.196,0.17,maple,2.03,1
0.188,0.147,maple,0.75,1
0.173,0.146,maple,3.19,1
0.17,0.161,maple,3.95,1
0.226,0.26,maple,4.74,1
0.255,0.266,maple,0.31,1
0.265,0.228,maple,2.93,1
0.194,0.282,maple,0.72,1
0.197,0.266,maple,3.83,1
0.187,0.253,maple,2.22,1
0.152,0.224,maple,3.73,1
0.143,0.031,maple,0.81,1
0.2,0.042,maple,4.15,1
0.207,0.006,maple,0.79,1
0.176,0.028,maple,2.36,1
0.177,0.024,maple,3.21,0
0.269,0.067,maple,3.64,1
0.274,0.05,maple,3.27,1
0.228,0.094,maple,3.37,1
0.15,0.083,maple,3.81,1
0.158,0.132,maple,3.56,1
0.17,0.126,maple,1.54,1
0.176,0.114,maple,1.6,0
0.301,0.173,maple,1.29,1
0.318,0.143,maple,0.64,0
0.329,0.156,maple,2.04,1
0.339,0.201,maple,4.99,1
0.314,0.188,maple,3.79,1
0.313,0.187,maple,1.93,1
0.31,0.209,maple,2.17,1
0.376,0.166,maple,2.61,1
0.406,0.167,maple,2.09,1
0.425,0.202,maple,2.52,1
0.373,0.174,maple,5.82,1
0.372,0.173,maple,2.16,1
0.372,0.237,maple,5.41,1
0.398,0.228,maple,3.67,1
0.425,0.271,maple,1.94,1
0.334,0.271,maple,0.56,0
0.213,0.096,maple,4.71,1
0.147,0.139,maple,1.7,1
0.179,0.083,maple,0.56,1
0.175,0.103,maple,1.29,1
0.353,0.029,maple,3.05,1
0.334,0.042,maple,6.53,1
0.303,0.042,maple,4,1
0.295,0.068,maple,1.33,1
0.351,0.049,maple,0.05,1
0.358,0.002,maple,1.69,1
0.377,0.009,maple,4.21,1
0.41,0.003,maple,5.76,0
0.373,0.063,maple,4.87,1
0.402,0.026,maple,1.62,1
0.38,0.094,maple,1.48,1
0.408,0.12,maple,1.67,1
0.425,0.122,maple,0.79,1
0.372,0.077,maple,1.33,1
0.331,0.137,maple,0.25,0
0.343,0.462,maple,1.49,1
0.31,0.489,maple,2.94,0
0.287,0.461,maple,2.75,1
0.399,0.481,maple,3.24,1
0.392,0.504,maple,2.94,1
0.416,0.534,maple,6.02,1
0.4,0.548,maple,3.67,1
0.372,0.564,maple,3.64,1
0.402,0.531,maple,3.67,0
0.318,0.517,maple,2.05,1
0.347,0.517,maple,3.11,0
0.346,0.518,maple,1.97,1
0.344,0.537,maple,1.66,1
0.354,0.519,maple,2.81,1
0.335,0.568,maple,6.45,1
0.331,0.574,maple,3.57,1
0.314,0.568,maple,3.7,0
0.305,0.552,maple,0.92,1
0.35,0.629,maple,0.67,1
0.376,0.578,maple,2.38,1
0.391,0.584,maple,5.08,1
0.425,0.585,maple,2.31,1
0.432,0.578,maple,5.52,1
0.429,0.596,maple,3.81,1
0.429,0.597,maple,2.06,1
0.43,0.622,maple,2.5,1
0.43,0.639,maple,0.58,1
0.415,0.621,maple,3.37,1
0.413,0.622,maple,2.74,1
0.398,0.626,maple,1.07,0
0.396,0.627,maple,4.63,1
0.369,0.632,maple,2.2,1
0.368,0.631,maple,5.35,1
0.385,0.63,maple,3.39,1
0.368,0.662,maple,3.29,1
0.369,0.667,maple,2.36,1
0.402,0.649,maple,0.56,1
0.41,0.649,maple,3.33,0
0.417,0.666,maple,1.26,0
0.402,0.67,maple,1.13,1
0.412,0.681,maple,2.96,0
0.416,0.684,maple,2.98,1
0.421,0.697,maple,0.05,1
0.406,0.708,maple,4.54,1
0.398,0.69,maple,4.79,1
0.379,0.695,maple,0.56,0
0.422,0.661,maple,1.93,1
0.346,0.663,maple,3.69,1
0.354,0.655,maple,2.59,1
0.356,0.655,maple,2.67,1
0.351,0.709,maple,1.36,1
0.325,0.698,maple,5.77,0
0.294,0.689,maple,4.68,1
0.312,0.699,maple,0.78,1
0.354,0.718,maple,1.94,1
0.424,0.971,maple,5.06,1
0.318,0.978,maple,1.04,1
0.494,0.87,maple,1.64,1
0.531,0.874,maple,5.6,1
0.529,0.86,maple,9.01,1
0.508,0.948,maple,0.29,1
0.463,0.734,maple,2.15,1
0.511,0.746,maple,0.04,1
0.532,0.749,maple,2.74,1
0.548,0.733,maple,3.17,1
0.517,0.731,maple,7.5,1
0.516,0.716,maple,3.37,1
0.486,0.801,maple,1.34,1
0.439,0.632,maple,4.15,1
0.439,0.585,maple,7.43,1
0.439,0.584,maple,4.93,1
0.435,0.574,maple,2.59,1
0.522,0.634,maple,4.39,1
0.552,0.632,maple,3.05,1
0.545,0.569,maple,5.88,1
0.524,0.629,maple,0.72,1
0.499,0.712,maple,4.56,1
0.519,0.696,maple,3.78,1
0.516,0.682,maple,4.47,1
0.537,0.639,maple,3.12,1
0.436,0.682,maple,1.76,1
0.499,0.478,maple,2.34,1
0.521,0.439,maple,1.77,1
0.503,0.43,maple,0.02,1
0.45,0.463,maple,3.97,1
0.459,0.434,maple,4.9,1
0.435,0.46,maple,4.38,1
0.474,0.421,maple,4.04,1
0.571,0.47,maple,1.53,1
0.552,0.541,maple,0.16,1
0.568,0.54,maple,3.49,1
0.537,0.53,maple,3.04,0
0.543,0.505,maple,4.86,1
0.524,0.521,maple,3.89,1
0.455,0.555,maple,3.03,1
0.478,0.526,maple,4.57,1
0.463,0.522,maple,0.18,0
0.456,0.498,maple,5.96,1
0.483,0.327,maple,2.52,1
0.502,0.29,maple,1.83,1
0.466,0.289,maple,6.24,1
0.465,0.289,maple,5.53,1
0.494,0.34,maple,2.77,1
0.515,0.32,maple,3.92,1
0.566,0.298,maple,1.86,1
0.545,0.335,maple,4.6,1
0.524,0.403,maple,7.3,1
0.57,0.379,maple,2.63,1
0.534,0.372,maple,1.25,1
0.512,0.399,maple,1.81,1
0.642,0.429,maple,2.8,1
0.573,0.396,maple,1.41,1
0.526,0.359,maple,4.74,1
0.466,0.405,maple,0.95,1
0.447,0.202,maple,0.35,1
0.479,0.186,maple,0.18,1
0.484,0.144,maple,4.25,0
0.462,0.162,maple,2.58,1
0.46,0.147,maple,5.76,1
0.503,0.208,maple,1.58,1
0.549,0.21,maple,1.1,1
0.555,0.192,maple,0.4,1
0.534,0.174,maple,3.31,1
0.526,0.161,maple,2.37,1
0.514,0.229,maple,2.24,1
0.504,0.254,maple,3.52,1
0.5,0.231,maple,2.78,1
0.499,0.232,maple,0.87,1
0.485,0.234,maple,2.82,1
0.484,0.234,maple,2.91,1
0.463,0.225,maple,1.41,1
0.458,0.037,maple,3.53,1
0.476,0.045,maple,0.93,1
0.494,0.021,maple,3.34,0
0.484,0.009,maple,2.1,1
0.475,0.021,maple,0.21,1
0.46,0.008,maple,4.59,1
0.45,0.025,maple,1.99,1
0.531,0.061,maple,1.01,1
0.571,0.084,maple,1.67,1
0.561,0.076,maple,1.1,1
0.531,0.084,maple,2.62,1
0.529,0.09,maple,4.81,1
0.497,0.14,maple,2.54,0
0.482,0.092,maple,3.37,1
0.444,0.085,maple,2.9,1
0.577,0.016,maple,0.13,1
0.613,0.039,maple,2.72,1
0.62,0.017,maple,4.15,1
0.585,0.027,maple,5.15,0
0.665,0.005,maple,2.15,1
0.679,0.022,maple,0.07,1
0.701,0.065,maple,0.75,1
0.673,0.062,maple,5.02,1
0.685,0.014,maple,2.23,1
0.649,0.11,maple,3.08,1
0.584,0.092,maple,1.26,0
0.59,0.096,maple,0.68,1
0.633,0.073,maple,5.69,1
0.576,0.157,maple,2.11,0
0.59,0.152,maple,4.44,1
0.592,0.15,maple,7.64,0
0.593,0.153,maple,0.71,0
0.607,0.153,maple,2.07,1
0.608,0.153,maple,0.22,1
0.621,0.168,maple,3.35,1
0.627,0.158,maple,1.99,1
0.605,0.189,maple,1.89,1
0.587,0.161,maple,1.22,1
0.643,0.152,maple,0.61,1
0.598,0.201,maple,0.2,1
0.65,0.156,maple,3.34,1
0.711,0.153,maple,2.05,0
0.673,0.19,maple,2.67,1
0.7,0.209,maple,3.79,1
0.698,0.212,maple,3.44,0
0.682,0.209,maple,5.69,1
0.657,0.249,maple,5.25,1
0.676,0.237,maple,4.69,1
0.705,0.227,maple,0.75,1
0.715,0.227,maple,9.31,1
0.714,0.232,maple,0.85,1
0.705,0.253,maple,0.09,1
0.703,0.263,maple,0.76,1
0.681,0.256,maple,4.78,1
0.714,0.247,maple,1.29,1
0.615,0.244,maple,0.45,1
0.618,0.226,maple,7.76,0
0.619,0.226,maple,5.12,1
0.622,0.24,maple,5.19,0
0.646,0.221,maple,4.58,1
0.616,0.267,maple,6.51,1
0.576,0.269,maple,0.35,0
0.616,0.268,maple,3.59,1
0.593,0.292,maple,2.26,1
0.609,0.311,maple,5.59,1
0.655,0.295,maple,2.24,1
0.666,0.304,maple,2.3,1
0.663,0.317,maple,4,1
0.688,0.308,maple,6.19,1
0.688,0.36,maple,5.76,1
0.662,0.37,maple,0.7,1
0.658,0.389,maple,0.79,1
0.626,0.39,maple,1.4,1
0.578,0.46,maple,3.07,1
0.62,0.432,maple,5.43,1
0.63,0.482,maple,5.26,1
0.608,0.475,maple,4.9,1
0.592,0.496,maple,7.71,1
0.607,0.469,maple,2.14,0
0.595,0.466,maple,1,1
0.596,0.482,maple,4.22,0
0.624,0.496,maple,5.82,1
0.634,0.588,maple,1.77,1
0.645,0.63,maple,1.47,1
0.64,0.643,maple,2.39,1
0.626,0.629,maple,2,1
0.615,0.644,maple,6.17,1
0.576,0.618,maple,0.36,1
0.681,0.608,maple,1.83,1
0.66,0.618,maple,2.26,0
0.689,0.644,maple,4.06,1
0.712,0.649,maple,3.31,1
0.685,0.631,maple,0.88,0
0.653,0.685,maple,4.4,1
0.668,0.686,maple,6.18,1
0.666,0.656,maple,6.6,1
0.675,0.657,maple,3.19,1
0.692,0.68,maple,1.47,1
0.692,0.701,maple,9.32,1
0.679,0.681,maple,1.8,1
0.677,0.709,maple,1.8,0
0.676,0.709,maple,5.13,1
0.62,0.656,maple,6.57,1
0.626,0.676,maple,0.99,1
0.632,0.676,maple,2.89,1
0.64,0.685,maple,5.63,1
0.609,0.693,maple,3.28,1
0.597,0.733,maple,0.72,1
0.606,0.744,maple,4.12,1
0.607,0.744,maple,1.35,1
0.578,0.781,maple,1.95,1
0.579,0.742,maple,2.83,1
0.715,0.737,maple,4.16,1
0.715,0.738,maple,4.07,1
0.661,0.83,maple,6.62,1
0.574,0.785,maple,6.2,1
0.6,0.785,maple,5.53,0
0.621,0.792,maple,3.1,1
0.583,0.805,maple,1.12,1
0.577,0.805,maple,0.01,1
0.578,0.826,maple,4.43,0
0.613,0.905,maple,4.54,1
0.598,0.887,maple,6.51,1
0.593,0.891,maple,2.41,1
0.576,0.923,maple,3.13,1
0.592,0.892,maple,2.68,1
0.583,0.906,maple,4.43,1
0.595,0.925,maple,4.76,1
0.672,0.891,maple,3.94,1
0.574,0.937,maple,4.14,1
0.594,0.95,maple,0.2,1
0.59,0.953,maple,0.75,1
0.627,0.978,maple,2.32,1
0.78,0.868,maple,0.98,0
0.787,0.856,maple,4.02,1
0.735,0.929,maple,2.26,1
0.763,0.971,maple,5.39,1
0.759,0.789,maple,2.51,1
0.782,0.737,maple,1.09,1
0.782,0.738,maple,2.2,1
0.778,0.746,maple,3.53,1
0.806,0.713,maple,3.05,1
0.722,0.82,maple,3.02,1
0.75,0.633,maple,5.79,1
0.858,0.584,maple,2.93,0
0.872,0.642,maple,1.18,1
0.726,0.666,maple,6.99,0
0.755,0.685,maple,3.48,1
0.839,0.494,maple,2.28,1
0.848,0.509,maple,10.91,1
0.812,0.508,maple,1.73,1
0.807,0.515,maple,4.09,1
0.858,0.53,maple,6.2,1
0.765,0.532,maple,1.97,1
0.768,0.537,maple,2.4,1
0.787,0.514,maple,5.81,1
0.738,0.515,maple,3.68,1
0.869,0.38,maple,2.24,1
0.866,0.364,maple,0.18,1
0.733,0.337,maple,2.2,1
0.752,0.331,maple,3.15,1
0.779,0.32,maple,1.89,1
0.793,0.32,maple,2.74,1
0.763,0.285,maple,3.22,1
0.765,0.308,maple,1.17,1
0.756,0.294,maple,1.77,1
0.752,0.304,maple,3.96,1
0.725,0.285,maple,3.05,1
0.814,0.292,maple,1.12,1
0.727,0.382,maple,0.66,1
0.724,0.19,maple,1.77,1
0.772,0.144,maple,5.6,1
0.751,0.169,maple,3.55,1
0.841,0.193,maple,0.46,1
0.81,0.281,maple,0.42,1
0.824,0.267,maple,5.31,1
0.819,0.252,maple,5.77,1
0.831,0.267,maple,0.16,1
0.845,0.237,maple,2.18,1
0.791,0.218,maple,0.94,1
0.75,0.258,maple,2.3,1
0.754,0.273,maple,1.46,1
0.766,0.274,maple,2.14,1
0.772,0.26,maple,2.75,1
0.767,0.24,maple,2.27,1
0.779,0.229,maple,0.01,1
0.736,0.054,maple,1.83,1
0.737,0.054,maple,4.19,0
0.74,0.025,maple,3.6,1
0.715,0,maple,1.6,1
0.739,0.024,maple,4.61,1
0.826,0.026,maple,7.44,1
0.79,0.022,maple,0.07,1
0.844,0.137,maple,1.86,1
0.828,0.093,maple,4.34,1
0.808,0.103,maple,1.99,1
0.839,0.096,maple,0.43,1
0.752,0.116,maple,2.96,1
0.764,0.076,maple,2.24,1
0.727,0.094,maple,4.1,1
0.718,0.073,maple,2.56,1
0.879,0.032,maple,3.45,1
0.907,0.009,maple,7.67,1
0.921,0.029,maple,8.15,1
0.895,0.067,maple,3.22,1
0.88,0.049,maple,1.22,1
0.861,0.05,maple,1.78,1
0.656,0.062,maple,1.94,1
0.935,0.016,maple,4.37,1
0.945,0.027,maple,0.67,1
0.946,0.028,maple,2.21,1
0.973,0.017,maple,4.04,1
0.985,0.062,maple,2.47,1
0.946,0.058,maple,9.86,1
0.945,0.057,maple,6.26,1
0.968,0.025,maple,5.75,1
0.932,0.084,maple,2.69,1
0.931,0.107,maple,1.21,1
0.961,0.106,maple,1.83,1
0.968,0.098,maple,3.39,1
0.973,0.107,maple,8.23,1
0.969,0.118,maple,2.57,1
0.868,0.074,maple,3.31,1
0.867,0.078,maple,5.04,1
0.908,0.079,maple,1.55,1
0.917,0.141,maple,5.82,1
0.909,0.132,maple,4.49,0
0.9,0.117,maple,2.37,1
0.915,0.193,maple,0.25,1
0.916,0.185,maple,1.91,0
0.911,0.186,maple,1.75,1
0.91,0.185,maple,5.5,0
0.898,0.194,maple,3.74,0
0.899,0.182,maple,1.57,0
0.886,0.176,maple,4.48,1
0.89,0.205,maple,5,1
0.879,0.201,maple,2.96,0
0.867,0.202,maple,1.52,1
0.934,0.152,maple,0.18,1
0.97,0.15,maple,2.5,1
0.93,0.192,maple,7.07,1
0.951,0.219,maple,2.44,1
0.899,0.241,maple,0.21,1
0.906,0.232,maple,1.58,1
0.905,0.231,maple,0.55,0
0.925,0.494,maple,6.08,1
0.924,0.494,maple,2.15,1
0.963,0.46,maple,0.33,1
0.978,0.537,maple,3.6,1
0.979,0.551,maple,3.19,1
0.986,0.561,maple,4.36,1
0.963,0.548,maple,2.08,1
0.935,0.568,maple,0.35,1
0.897,0.564,maple,2.11,1
0.884,0.557,maple,7.46,1
0.878,0.563,maple,2.69,1
0.878,0.564,maple,2.79,1
0.913,0.584,maple,1.12,1
0.933,0.62,maple,3.92,1
0.88,0.609,maple,2.41,1
0.916,0.63,maple,3.57,1
0.95,0.631,maple,3.88,1
0.951,0.668,maple,3.64,1
0.985,0.591,maple,4.77,1
0.992,0.606,maple,2.53,1
0.994,0.608,maple,4.27,1
0.969,0.628,maple,4.66,1
0.907,0.652,maple,5.65,1
0.978,0.791,maple,1.58,1
0.867,0.977,maple,1.33,1
0.315,0.074,maple,0.55,1
0.027,0.041,misc,0.53,1
0.105,0.097,misc,2.82,1
0.008,0.134,misc,6.05,1
0.05,0.131,misc,2.12,1
0.009,0.113,misc,2.71,1
0.028,0.109,misc,1.8,1
0.027,0.156,misc,1.35,1
0.036,0.184,misc,7.38,1
0.028,0.171,misc,2.42,1
0.103,0.215,misc,5.07,1
0.124,0.247,misc,5.81,1
0.269,0.316,misc,1.65,1
0.21,0.161,misc,3.59,0
0.221,0.196,misc,2.62,1
0.22,0.182,misc,6.15,1
0.263,0.227,misc,9.35,1
0.245,0.235,misc,3.4,1
0.216,0.227,misc,3.28,1
0.211,0.22,misc,2.2,1
0.29,0.274,misc,3.2,1
0.163,0.261,misc,1.49,1
0.205,0.259,misc,4.62,1
0.173,0.245,misc,3.27,1
0.262,0.13,misc,3.05,1
0.251,0.105,misc,7.81,1
0.307,0.192,misc,2.93,1
0.342,0.287,misc,1.84,1
0.395,0.04,misc,4.16,1
0.423,0.076,misc,2.13,1
0.42,0.113,misc,1.43,1
0.402,0.656,misc,2.82,1
0.358,0.671,misc,1.29,1
0.504,0.951,misc,2.58,1
0.536,0.969,misc,5.33,1
0.539,0.956,misc,1.58,1
0.545,0.963,misc,4.76,0
0.561,0.721,misc,3.32,1
0.523,0.834,misc,1.77,1
0.503,0.624,misc,8.34,1
0.556,0.696,misc,2.8,1
0.434,0.657,misc,3.8,1
0.574,0.51,misc,1.31,1
0.552,0.516,misc,1.74,1
0.462,0.15,misc,5.72,1
0.535,0.146,misc,3.12,1
0.516,0.169,misc,4.42,1
0.488,0.063,misc,3.31,1
0.464,0.026,misc,3.76,1
0.567,0.073,misc,1.77,0
0.436,0.137,misc,5.06,1
0.437,0.117,misc,2.13,0
0.7,0.107,misc,5.05,1
0.66,0.236,misc,2.05,1
0.661,0.282,misc,2.32,1
0.601,0.469,misc,1.44,1
0.594,0.487,misc,8.65,1
0.719,0.549,misc,2.36,1
0.668,0.553,misc,2.03,1
0.639,0.517,misc,3.04,1
0.657,0.518,misc,3.07,1
0.602,0.56,misc,3.63,0
0.574,0.626,misc,5.73,1
0.646,0.669,misc,6.52,0
0.644,0.705,misc,5.99,0
0.64,0.71,misc,4.45,1
0.636,0.699,misc,0.05,1
0.573,0.724,misc,0.36,1
0.582,0.721,misc,7.36,1
0.619,0.731,misc,3.38,1
0.622,0.726,misc,6.7,1
0.677,0.788,misc,2.24,1
0.659,0.816,misc,2.99,1
0.677,0.866,misc,1.82,1
0.631,0.956,misc,2.7,1
0.837,0.989,misc,4.1,1
0.723,0.831,misc,2.26,1
0.723,0.83,misc,1.2,1
0.724,0.828,misc,2.18,1
0.781,0.602,misc,2.99,1
0.721,0.601,misc,1.07,1
0.817,0.568,misc,7.56,1
0.852,0.539,misc,4.63,1
0.839,0.569,misc,2.86,1
0.851,0.567,misc,4.75,1
0.811,0.535,misc,0.41,1
0.732,0.557,misc,1.81,1
0.762,0.55,misc,3.96,1
0.763,0.102,misc,2.24,1
0.96,0.008,misc,2.99,1
0.988,0.227,misc,1.78,1
0.933,0.472,misc,2.92,1
0.916,0.492,misc,0.3,1
0.91,0.492,misc,3.53,1
0.877,0.487,misc,6.39,0
0.987,0.451,misc,4.17,1
0.994,0.427,misc,2.78,1
0.946,0.481,misc,4.95,1
0.878,0.527,misc,2.7,1
0.879,0.534,misc,1.73,1
0.898,0.508,misc,3.88,1
0.917,0.606,misc,4.54,1
0.935,0.649,misc,3.34,1
0.895,0.686,misc,3.73,1
0.946,0.725,misc,1.39,1
0.327,0.108,misc,2.37,1
0.028,0.003,redoak,7.69,1
0.037,0.004,redoak,10.77,1
0.136,0,redoak,6.6,1
0.127,0.035,redoak,7.14,1
0.124,0.051,redoak,16.1,1
0.1,0.064,redoak,7.67,1
0.07,0.09,redoak,9.73,1
0.031,0.068,redoak,5.35,1
0.052,0.085,redoak,6.66,1
0.051,0.1,redoak,3.84,1
0.026,0.118,redoak,13.32,1
0.028,0.135,redoak,10.46,1
0.03,0.146,redoak,8.85,1
0.058,0.179,redoak,13.45,1
0.042,0.156,redoak,21.07,1
0.041,0.156,redoak,12.87,1
0.027,0.166,redoak,4.28,1
0.032,0.172,redoak,5.13,1
0.088,0.154,redoak,14.35,1
0.111,0.137,redoak,11.51,1
0.118,0.221,redoak,9.77,1
0.095,0.284,redoak,7.53,0
0.077,0.279,redoak,15.52,0
0.052,0.219,redoak,9.52,1
0.047,0.277,redoak,9.79,1
0.027,0.253,redoak,15,1
0.029,0.291,redoak,7.89,1
0.068,0.292,redoak,14.97,1
0.065,0.302,redoak,9.17,1
0.004,0.344,redoak,9.6,1
0.075,0.324,redoak,7.5,1
0.076,0.341,redoak,9.53,1
0.065,0.43,redoak,10.78,1
0.147,0.455,redoak,6.49,1
0.145,0.479,redoak,11.39,0
0.129,0.477,redoak,9.05,1
0.098,0.526,redoak,7.19,1
0.101,0.526,redoak,9.99,1
0.121,0.51,redoak,10.48,1
0.063,0.496,redoak,6.27,1
0.065,0.564,redoak,13.6,1
0.004,0.554,redoak,7.64,1
0.037,0.624,redoak,10.86,1
0.029,0.619,redoak,13.17,1
0.017,0.593,redoak,14.73,1
0.039,0.58,redoak,4.11,1
0.088,0.627,redoak,5.14,1
0.107,0.654,redoak,8.21,1
0.054,0.756,redoak,6.08,0
0.027,0.753,redoak,9.66,1
0.117,0.755,redoak,4.26,1
0.118,0.787,redoak,7.85,1
0.004,0.802,redoak,5.7,1
0.003,0.96,redoak,8.34,1
0.2,0.882,redoak,11.62,1
0.245,0.962,redoak,18.22,1
0.28,0.963,redoak,6.87,1
0.166,0.938,redoak,14.26,1
0.197,0.762,redoak,9.29,1
0.242,0.784,redoak,12.76,1
0.206,0.79,redoak,9.22,1
0.259,0.569,redoak,8.45,1
0.229,0.692,redoak,9.51,1
0.28,0.677,redoak,9.09,1
0.232,0.673,redoak,10.87,1
0.159,0.64,redoak,6.84,1
0.278,0.564,redoak,9.37,1
0.28,0.54,redoak,14.71,1
0.197,0.308,redoak,13.85,1
0.174,0.308,redoak,8.51,1
0.158,0.304,redoak,12.38,1
0.156,0.303,redoak,12.62,1
0.228,0.318,redoak,12.38,0
0.237,0.307,redoak,8.35,1
0.234,0.294,redoak,8.1,1
0.271,0.419,redoak,9.78,1
0.234,0.38,redoak,15.03,1
0.183,0.411,redoak,9.22,1
0.213,0.356,redoak,6.49,1
0.18,0.193,redoak,5.83,0
0.184,0.197,redoak,6,1
0.155,0.157,redoak,13.04,1
0.216,0.273,redoak,8.45,1
0.249,0.26,redoak,10.88,1
0.258,0.286,redoak,9.96,1
0.267,0.227,redoak,12.05,1
0.166,0.048,redoak,11.52,1
0.206,0.064,redoak,13.77,1
0.221,0.06,redoak,19.27,1
0.236,0.042,redoak,10.51,0
0.245,0.01,redoak,9.72,0
0.252,0.013,redoak,5.17,1
0.251,0.111,redoak,9.72,1
0.234,0.078,redoak,10.51,1
0.219,0.094,redoak,6.46,0
0.219,0.075,redoak,7.79,1
0.238,0.082,redoak,10.43,1
0.325,0.155,redoak,14.88,1
0.34,0.206,redoak,9.04,1
0.307,0.214,redoak,10.96,1
0.405,0.177,redoak,11.99,1
0.404,0.24,redoak,13.02,1
0.403,0.231,redoak,13.22,1
0.418,0.245,redoak,10.32,1
0.406,0.246,redoak,10.25,1
0.324,0.24,redoak,8.79,0
0.331,0.251,redoak,8.06,1
0.314,0.282,redoak,9.59,1
0.352,0.294,redoak,15.11,1
0.352,0.293,redoak,10.72,1
0.384,0.332,redoak,8.48,1
0.4,0.32,redoak,11.67,1
0.408,0.317,redoak,8.21,1
0.367,0.404,redoak,10.07,1
0.187,0.079,redoak,11.15,1
0.187,0.078,redoak,9.58,0
0.162,0.097,redoak,17.03,1
0.311,0.004,redoak,8.14,1
0.313,0.025,redoak,7.29,1
0.333,0.023,redoak,6.8,1
0.337,0.006,redoak,14.83,1
0.306,0.051,redoak,10.99,1
0.358,0.013,redoak,10.1,1
0.364,0.031,redoak,10.08,1
0.377,0.039,redoak,10.32,1
0.419,0.016,redoak,10.31,1
0.418,0.023,redoak,10.14,1
0.417,0.065,redoak,8.71,1
0.394,0.071,redoak,11.81,1
0.419,0.078,redoak,10.68,1
0.376,0.087,redoak,13.07,1
0.422,0.102,redoak,3.71,1
0.297,0.108,redoak,6.58,1
0.383,0.416,redoak,9.98,1
0.344,0.402,redoak,8.87,1
0.356,0.398,redoak,9.4,1
0.343,0.409,redoak,9.81,1
0.316,0.435,redoak,6.02,1
0.332,0.442,redoak,10.76,1
0.329,0.432,redoak,10.94,1
0.352,0.434,redoak,9.5,1
0.358,0.434,redoak,14.92,1
0.353,0.484,redoak,2.28,0
0.331,0.481,redoak,4.88,1
0.339,0.489,redoak,15.48,1
0.299,0.474,redoak,15.22,0
0.298,0.472,redoak,5.27,1
0.395,0.43,redoak,10.07,1
0.43,0.471,redoak,10.05,1
0.34,0.501,redoak,8.74,1
0.367,0.842,redoak,10.96,1
0.324,0.774,redoak,14.61,1
0.314,0.745,redoak,13.27,1
0.406,0.719,redoak,4.99,1
0.423,0.763,redoak,9.24,1
0.373,0.791,redoak,12.32,1
0.368,0.841,redoak,9.96,1
0.347,0.805,redoak,13.8,1
0.363,0.832,redoak,5.02,1
0.385,0.855,redoak,12.35,1
0.374,0.911,redoak,11.7,1
0.343,0.923,redoak,16.6,1
0.489,0.874,redoak,9.43,1
0.545,0.916,redoak,16.05,1
0.505,0.924,redoak,10.53,1
0.465,0.986,redoak,19.95,1
0.503,0.781,redoak,9.76,1
0.482,0.761,redoak,8.75,0
0.519,0.781,redoak,6.76,1
0.567,0.846,redoak,8.03,0
0.487,0.83,redoak,12.41,1
0.442,0.643,redoak,6.51,1
0.479,0.617,redoak,6.05,0
0.501,0.581,redoak,5.38,0
0.446,0.647,redoak,12.07,1
0.481,0.481,redoak,12.81,1
0.505,0.446,redoak,9.35,1
0.481,0.433,redoak,14.25,1
0.554,0.481,redoak,9.56,1
0.515,0.557,redoak,8.04,1
0.555,0.513,redoak,15.71,1
0.524,0.531,redoak,7.72,1
0.44,0.566,redoak,12.36,0
0.475,0.562,redoak,15.45,1
0.497,0.562,redoak,10.93,1
0.502,0.33,redoak,8.97,1
0.555,0.425,redoak,10.89,1
0.558,0.396,redoak,10.99,1
0.565,0.395,redoak,6.5,1
0.528,0.338,redoak,12.47,1
0.502,0.364,redoak,14.72,1
0.438,0.201,redoak,17.99,1
0.489,0.188,redoak,7.9,1
0.522,0.211,redoak,8.28,1
0.525,0.202,redoak,5.45,1
0.551,0.211,redoak,12.73,1
0.455,0.213,redoak,7.51,1
0.491,0.025,redoak,15.18,0
0.523,0.064,redoak,5.19,1
0.566,0.013,redoak,10.95,1
0.519,0.015,redoak,2.08,1
0.509,0.013,redoak,8.3,1
0.544,0.079,redoak,12.04,1
0.511,0.085,redoak,16.96,1
0.431,0.102,redoak,8.5,1
0.593,0.03,redoak,14.15,0
0.597,0.051,redoak,15.2,1
0.654,0.005,redoak,8.24,1
0.683,0.026,redoak,5.54,1
0.583,0.078,redoak,6.3,1
0.594,0.089,redoak,18.93,0
0.637,0.108,redoak,7.41,1
0.596,0.195,redoak,7.54,1
0.582,0.198,redoak,8.32,1
0.575,0.211,redoak,3.87,1
0.697,0.273,redoak,11.55,1
0.604,0.288,redoak,14.53,1
0.598,0.341,redoak,5.67,0
0.584,0.422,redoak,6.59,1
0.577,0.448,redoak,6.68,1
0.611,0.455,redoak,11.28,1
0.633,0.461,redoak,12.26,1
0.685,0.484,redoak,9.85,1
0.679,0.487,redoak,5,1
0.68,0.463,redoak,10.11,1
0.663,0.484,redoak,6.57,0
0.692,0.496,redoak,12.61,1
0.693,0.506,redoak,14.75,1
0.696,0.518,redoak,13.66,1
0.698,0.585,redoak,14.02,1
0.711,0.63,redoak,10.61,1
0.679,0.637,redoak,19.87,1
0.65,0.639,redoak,14.83,1
0.699,0.601,redoak,11.94,1
0.714,0.671,redoak,14.4,0
0.654,0.738,redoak,8.31,1
0.658,0.722,redoak,6.86,1
0.685,0.733,redoak,11.14,1
0.696,0.719,redoak,2.78,1
0.696,0.766,redoak,12.59,1
0.672,0.774,redoak,9.66,1
0.645,0.733,redoak,8.82,1
0.618,0.877,redoak,7.04,1
0.63,0.852,redoak,12.66,1
0.584,0.916,redoak,5.47,1
0.653,0.987,redoak,12.55,1
0.617,0.966,redoak,2.95,1
0.814,0.916,redoak,13.6,1
0.79,0.983,redoak,13.04,0
0.805,0.983,redoak,9.81,1
0.829,0.986,redoak,7.15,1
0.83,0.985,redoak,20.56,1
0.823,0.95,redoak,13.12,1
0.825,0.935,redoak,6.31,1
0.799,0.943,redoak,9.85,1
0.76,0.958,redoak,10.2,1
0.786,0.983,redoak,16.05,1
0.769,0.984,redoak,6.14,1
0.76,0.738,redoak,10.58,1
0.819,0.768,redoak,11.99,1
0.85,0.853,redoak,13.69,1
0.752,0.847,redoak,9.72,1
0.785,0.85,redoak,3.58,1
0.736,0.644,redoak,12.39,0
0.746,0.621,redoak,7.65,1
0.779,0.644,redoak,12.69,0
0.784,0.57,redoak,10.17,0
0.762,0.591,redoak,5.7,1
0.725,0.571,redoak,9.15,1
0.826,0.628,redoak,11.45,1
0.797,0.606,redoak,11.3,1
0.838,0.672,redoak,6.92,1
0.803,0.673,redoak,10.35,1
0.765,0.689,redoak,9.44,1
0.723,0.657,redoak,7.63,1
0.764,0.688,redoak,9.07,1
0.772,0.485,redoak,7.62,1
0.826,0.476,redoak,11.97,1
0.773,0.569,redoak,5.26,1
0.781,0.563,redoak,10.54,1
0.738,0.353,redoak,6.99,1
0.75,0.348,redoak,9.17,0
0.753,0.342,redoak,8.1,1
0.769,0.337,redoak,6.61,1
0.857,0.302,redoak,6.31,1
0.827,0.351,redoak,13.9,0
0.82,0.397,redoak,7.53,1
0.85,0.402,redoak,5.18,1
0.759,0.383,redoak,10.3,1
0.741,0.175,redoak,11.88,1
0.754,0.197,redoak,6.84,0
0.787,0.185,redoak,10.25,1
0.723,0.168,redoak,6.7,0
0.841,0.282,redoak,3.69,1
0.851,0.094,redoak,10.97,0
0.813,0.106,redoak,10.36,1
0.823,0.077,redoak,8.22,1
0.811,0.081,redoak,14.24,1
0.78,0.101,redoak,10.51,1
0.721,0.075,redoak,9.48,1
0.929,0.109,redoak,7.43,1
0.921,0.251,redoak,12.5,1
0.997,0.232,redoak,12.94,1
0.99,0.251,redoak,8.26,1
0.938,0.266,redoak,12.97,1
0.93,0.266,redoak,10.79,1
0.905,0.264,redoak,12.11,1
0.874,0.262,redoak,10.88,1
0.876,0.264,redoak,6.23,1
0.869,0.267,redoak,12.92,1
0.934,0.317,redoak,13.44,1
0.976,0.292,redoak,10.09,1
0.986,0.329,redoak,12.33,1
0.949,0.341,redoak,10.14,1
0.982,0.396,redoak,9.78,1
0.908,0.392,redoak,11.39,1
0.92,0.371,redoak,9.14,1
0.905,0.417,redoak,4.24,1
0.861,0.463,redoak,5.81,1
0.992,0.473,redoak,6.4,1
0.989,0.471,redoak,2.85,1
0.984,0.481,redoak,11.59,0
0.958,0.524,redoak,10.81,1
0.959,0.523,redoak,2.69,0
0.887,0.527,redoak,4.71,1
0.9,0.574,redoak,3.2,1
0.956,0.692,redoak,9.16,1
0.944,0.659,redoak,6.67,1
0.944,0.666,redoak,7.81,1
0.882,0.692,redoak,11.2,1
0.974,0.789,redoak,10.88,1
0.979,0.847,redoak,11.94,1
0.965,0.833,redoak,11.77,1
0.921,0.828,redoak,7.24,0
0.887,0.877,redoak,13.17,0
0.965,0.887,redoak,4.1,1
0.975,0.879,redoak,10.61,1
0.999,0.923,redoak,9.41,1
0.981,0.916,redoak,12.25,1
0.961,0.975,redoak,9.57,1
0.904,0.982,redoak,3.13,1
0.861,0.977,redoak,15.35,1
0.859,0.979,redoak,9.38,0
0.406,0.377,redoak,11.74,0
0.416,0.418,redoak,11.64,0
0.412,0.423,redoak,12.59,1
0.111,0.013,whiteoak,8.34,1
0.14,0.001,whiteoak,2.28,0
0.096,0.127,whiteoak,3.5,1
0.058,0.092,whiteoak,2.56,1
0.073,0.074,whiteoak,7.22,1
0.077,0.116,whiteoak,2.85,1
0.009,0.133,whiteoak,5.24,1
0.036,0.142,whiteoak,7.97,1
0.056,0.157,whiteoak,3.45,0
0.066,0.187,whiteoak,5.26,0
0.057,0.181,whiteoak,5.33,1
0.054,0.177,whiteoak,0.76,1
0.071,0.174,whiteoak,1.17,1
0.037,0.205,whiteoak,4.85,1
0.058,0.203,whiteoak,1.89,1
0.073,0.159,whiteoak,5.73,1
0.13,0.202,whiteoak,3.13,1
0.113,0.173,whiteoak,3.52,1
0.075,0.171,whiteoak,3.27,1
0.083,0.222,whiteoak,3.39,1
0.09,0.267,whiteoak,6.21,1
0.089,0.268,whiteoak,4.28,1
0.042,0.214,whiteoak,4.13,1
0.062,0.237,whiteoak,4.9,1
0.069,0.262,whiteoak,2.85,1
0.015,0.305,whiteoak,3.96,0
0.018,0.314,whiteoak,4.93,1
0.017,0.292,whiteoak,1.36,1
0.029,0.33,whiteoak,2.16,0
0.08,0.324,whiteoak,5.22,1
0.087,0.314,whiteoak,5.31,1
0.113,0.335,whiteoak,2.34,1
0.11,0.321,whiteoak,2.13,1
0.133,0.357,whiteoak,3.92,1
0.081,0.384,whiteoak,5.22,1
0.135,0.404,whiteoak,5.38,0
0.124,0.361,whiteoak,3.73,1
0.05,0.365,whiteoak,1.39,1
0.05,0.39,whiteoak,4.88,1
0.029,0.45,whiteoak,0.31,1
0.025,0.468,whiteoak,3.49,1
0.023,0.471,whiteoak,2.95,0
0.064,0.474,whiteoak,4.25,1
0.06,0.461,whiteoak,5.06,1
0.024,0.484,whiteoak,3.25,0
0.092,0.453,whiteoak,4.46,1
0.041,0.497,whiteoak,3.69,1
0.028,0.503,whiteoak,3.92,1
0.029,0.523,whiteoak,6.24,1
0.025,0.534,whiteoak,5.83,1
0.048,0.521,whiteoak,1.02,1
0.037,0.543,whiteoak,3.39,1
0.038,0.551,whiteoak,6.28,1
0.026,0.542,whiteoak,1.68,1
0.026,0.554,whiteoak,1.15,1
0.023,0.565,whiteoak,6.25,1
0.026,0.536,whiteoak,3.22,1
0.01,0.549,whiteoak,7.3,1
0.028,0.577,whiteoak,2.49,1
0.034,0.633,whiteoak,0.42,1
0.008,0.579,whiteoak,3.11,1
0.109,0.679,whiteoak,2.15,1
0.004,0.792,whiteoak,3.06,1
0.025,0.8,whiteoak,6.58,1
0.028,0.811,whiteoak,4.89,0
0.026,0.813,whiteoak,0.9,1
0.038,0.805,whiteoak,1.17,1
0.068,0.831,whiteoak,5.47,1
0.032,0.825,whiteoak,3.13,1
0.024,0.847,whiteoak,2.18,1
0.022,0.882,whiteoak,3.78,1
0.027,0.851,whiteoak,3.19,1
0.027,0.858,whiteoak,4.27,1
0.044,0.878,whiteoak,7.32,1
0.047,0.876,whiteoak,2.69,1
0.002,0.873,whiteoak,6.52,1
0.006,0.855,whiteoak,0.69,1
0.124,0.881,whiteoak,6.87,1
0.147,0.919,whiteoak,3.59,1
0.141,0.971,whiteoak,1.73,1
0.021,0.961,whiteoak,1.75,1
0.016,0.982,whiteoak,6.31,1
0.153,0.865,whiteoak,3.43,0
0.237,0.973,whiteoak,0.8,1
0.247,0.986,whiteoak,0.37,0
0.263,0.956,whiteoak,1.68,1
0.273,0.979,whiteoak,4.83,1
0.153,0.968,whiteoak,3.07,1
0.184,0.972,whiteoak,2.68,1
0.181,0.948,whiteoak,7.99,1
0.194,0.958,whiteoak,5.56,1
0.183,0.776,whiteoak,5.39,1
0.174,0.776,whiteoak,1.34,1
0.152,0.768,whiteoak,3.8,0
0.219,0.736,whiteoak,3.51,1
0.185,0.734,whiteoak,4.42,1
0.156,0.727,whiteoak,3.59,1
0.273,0.753,whiteoak,3.36,1
0.272,0.722,whiteoak,8.52,1
0.227,0.721,whiteoak,1.29,1
0.285,0.837,whiteoak,1.22,1
0.274,0.798,whiteoak,6.38,1
0.211,0.639,whiteoak,3.94,1
0.163,0.606,whiteoak,1.16,1
0.216,0.616,whiteoak,4.03,1
0.172,0.57,whiteoak,7.68,1
0.241,0.578,whiteoak,2.6,1
0.221,0.57,whiteoak,5.93,1
0.226,0.684,whiteoak,2.84,1
0.248,0.668,whiteoak,2.19,1
0.221,0.647,whiteoak,4.29,1
0.184,0.666,whiteoak,5.36,1
0.16,0.648,whiteoak,2.66,1
0.192,0.465,whiteoak,3.23,1
0.244,0.449,whiteoak,2.16,1
0.179,0.342,whiteoak,0.73,1
0.203,0.333,whiteoak,3.57,0
0.152,0.295,whiteoak,8.84,1
0.279,0.308,whiteoak,1.95,0
0.233,0.365,whiteoak,7.33,1
0.203,0.393,whiteoak,4.04,1
0.176,0.38,whiteoak,2.74,1
0.173,0.405,whiteoak,2.6,1
0.155,0.19,whiteoak,4.4,1
0.183,0.181,whiteoak,3.85,1
0.197,0.218,whiteoak,2.99,1
0.236,0.183,whiteoak,6.24,1
0.256,0.209,whiteoak,4.42,1
0.275,0.185,whiteoak,4.37,1
0.249,0.147,whiteoak,5.25,1
0.225,0.157,whiteoak,3.29,0
0.285,0.241,whiteoak,4.26,1
0.285,0.237,whiteoak,3.94,1
0.267,0.25,whiteoak,0.19,1
0.235,0.222,whiteoak,1.24,1
0.222,0.227,whiteoak,4.94,0
0.147,0.265,whiteoak,1.71,1
0.171,0.281,whiteoak,4.39,1
0.18,0.262,whiteoak,6.48,1
0.186,0.228,whiteoak,1.23,1
0.167,0.227,whiteoak,1.53,0
0.154,0.225,whiteoak,5.9,1
0.149,0.21,whiteoak,2.76,1
0.213,0.034,whiteoak,3.93,1
0.224,0.117,whiteoak,3.27,1
0.245,0.136,whiteoak,0.05,1
0.261,0.141,whiteoak,6.69,1
0.187,0.141,whiteoak,1.03,1
0.206,0.124,whiteoak,2.48,1
0.212,0.13,whiteoak,6.98,1
0.311,0.175,whiteoak,3.89,1
0.345,0.153,whiteoak,5.04,0
0.325,0.179,whiteoak,4.31,0
0.425,0.182,whiteoak,5.76,1
0.366,0.16,whiteoak,7.47,1
0.368,0.162,whiteoak,1.52,1
0.353,0.251,whiteoak,4.03,1
0.318,0.268,whiteoak,4.17,1
0.295,0.325,whiteoak,3.57,1
0.308,0.303,whiteoak,2.1,1
0.319,0.328,whiteoak,1.35,1
0.371,0.318,whiteoak,0.98,1
0.188,0.088,whiteoak,3.8,1
0.17,0.085,whiteoak,2.55,1
0.149,0.065,whiteoak,2.18,1
0.315,0.049,whiteoak,3.34,1
0.421,0.035,whiteoak,1,1
0.361,0.122,whiteoak,2.51,1
0.409,0.128,whiteoak,3.32,1
0.313,0.115,whiteoak,3.63,1
0.302,0.381,whiteoak,4.6,1
0.341,0.397,whiteoak,3.48,1
0.293,0.403,whiteoak,4.25,1
0.377,0.468,whiteoak,3.91,1
0.36,0.494,whiteoak,3.76,1
0.419,0.541,whiteoak,2.53,1
0.376,0.561,whiteoak,4.09,1
0.291,0.506,whiteoak,4.98,1
0.293,0.606,whiteoak,0.61,1
0.303,0.589,whiteoak,1.94,1
0.385,0.677,whiteoak,3.73,1
0.345,0.653,whiteoak,0.18,1
0.402,0.714,whiteoak,2.99,0
0.432,0.779,whiteoak,5.82,1
0.405,0.75,whiteoak,7.18,1
0.38,0.781,whiteoak,5.58,1
0.36,0.818,whiteoak,4.96,0
0.348,0.887,whiteoak,1.8,1
0.345,0.868,whiteoak,5.01,1
0.364,0.854,whiteoak,4.21,1
0.431,0.881,whiteoak,3.74,1
0.397,0.929,whiteoak,3.81,1
0.363,0.929,whiteoak,3.6,1
0.369,0.959,whiteoak,3.31,1
0.366,0.977,whiteoak,2.12,1
0.356,0.985,whiteoak,7,1
0.3,0.981,whiteoak,6.61,1
0.358,0.957,whiteoak,2.28,1
0.486,0.917,whiteoak,3.49,0
0.497,0.854,whiteoak,2.31,1
0.475,0.864,whiteoak,3.17,1
0.451,0.87,whiteoak,5.47,1
0.558,0.904,whiteoak,5.14,1
0.506,0.963,whiteoak,3.54,1
0.523,0.95,whiteoak,5.68,1
0.554,0.939,whiteoak,2.48,0
0.45,0.958,whiteoak,8.56,1
0.488,0.955,whiteoak,6.06,1
0.492,0.948,whiteoak,1.23,1
0.482,0.942,whiteoak,1.54,1
0.439,0.925,whiteoak,4.21,1
0.465,0.774,whiteoak,1.09,1
0.488,0.746,whiteoak,1.12,1
0.502,0.753,whiteoak,2.71,1
0.499,0.72,whiteoak,5.19,1
0.564,0.762,whiteoak,4.03,1
0.437,0.835,whiteoak,1.41,1
0.496,0.827,whiteoak,6.35,1
0.457,0.806,whiteoak,4.18,1
0.461,0.791,whiteoak,3.02,1
0.489,0.631,whiteoak,4.24,1
0.491,0.616,whiteoak,1.57,1
0.543,0.588,whiteoak,2.6,1
0.529,0.571,whiteoak,0.2,1
0.528,0.591,whiteoak,1.29,1
0.547,0.693,whiteoak,3.97,0
0.505,0.641,whiteoak,4.09,1
0.482,0.453,whiteoak,6.88,1
0.55,0.479,whiteoak,4.97,1
0.568,0.502,whiteoak,1.95,1
0.558,0.505,whiteoak,4.51,1
0.434,0.537,whiteoak,5.37,1
0.446,0.555,whiteoak,5.21,1
0.45,0.499,whiteoak,3.03,1
0.46,0.32,whiteoak,3.74,0
0.486,0.308,whiteoak,3.91,1
0.547,0.305,whiteoak,2.68,1
0.55,0.377,whiteoak,4.5,1
0.515,0.364,whiteoak,1.94,1
0.575,0.361,whiteoak,4.49,1
0.436,0.41,whiteoak,3.27,1
0.488,0.391,whiteoak,0.96,1
0.463,0.37,whiteoak,3.88,1
0.512,0.188,whiteoak,4.95,1
0.502,0.162,whiteoak,4.72,1
0.498,0.157,whiteoak,2.87,1
0.558,0.272,whiteoak,2.88,1
0.523,0.232,whiteoak,0.6,1
0.51,0.218,whiteoak,2.94,1
0.476,0.259,whiteoak,4.91,1
0.475,0.278,whiteoak,0.67,0
0.479,0.244,whiteoak,2.74,1
0.472,0.235,whiteoak,1.51,0
0.456,0.238,whiteoak,2.83,1
0.458,0.012,whiteoak,3.56,1
0.511,0.064,whiteoak,3.93,1
0.551,0.057,whiteoak,2.07,1
0.521,0.135,whiteoak,1.9,1
0.543,0.12,whiteoak,6.24,1
0.522,0.088,whiteoak,0.2,1
0.446,0.11,whiteoak,2.18,1
0.588,0.068,whiteoak,4.2,0
0.653,0.062,whiteoak,5.61,1
0.655,0.127,whiteoak,3.36,0
0.602,0.127,whiteoak,6.24,1
0.659,0.176,whiteoak,6.28,1
0.705,0.155,whiteoak,6.67,1
0.668,0.218,whiteoak,1.12,1
0.588,0.228,whiteoak,8.11,1
0.592,0.225,whiteoak,2.65,1
0.6,0.25,whiteoak,4.69,1
0.592,0.253,whiteoak,9.48,1
0.59,0.279,whiteoak,0.92,1
0.58,0.282,whiteoak,4.34,1
0.583,0.3,whiteoak,2.61,1
0.579,0.32,whiteoak,4.1,1
0.62,0.3,whiteoak,0.04,1
0.628,0.323,whiteoak,0.61,1
0.637,0.321,whiteoak,7.76,1
0.643,0.303,whiteoak,2.79,1
0.646,0.333,whiteoak,5.17,1
0.64,0.357,whiteoak,4.61,1
0.697,0.328,whiteoak,3.93,1
0.714,0.357,whiteoak,4.44,1
0.699,0.353,whiteoak,2.36,1
0.699,0.422,whiteoak,5.75,1
0.584,0.359,whiteoak,1.68,1
0.623,0.378,whiteoak,6.48,1
0.615,0.399,whiteoak,2.21,1
0.611,0.404,whiteoak,4.11,1
0.596,0.412,whiteoak,3.63,1
0.594,0.436,whiteoak,3.21,1
0.629,0.451,whiteoak,9.84,1
0.648,0.435,whiteoak,1.59,1
0.688,0.523,whiteoak,6.94,1
0.583,0.593,whiteoak,7.86,1
0.604,0.603,whiteoak,7.53,1
0.618,0.573,whiteoak,1.47,1
0.637,0.602,whiteoak,2.13,1
0.65,0.596,whiteoak,7.65,1
0.608,0.647,whiteoak,5.4,1
0.662,0.593,whiteoak,2.2,0
0.676,0.59,whiteoak,5.33,0
0.681,0.597,whiteoak,8.42,1
0.702,0.592,whiteoak,4.31,1
0.685,0.619,whiteoak,3.97,1
0.596,0.661,whiteoak,4.02,1
0.6,0.699,whiteoak,0.74,1
0.577,0.737,whiteoak,0.35,1
0.576,0.762,whiteoak,3.19,1
0.708,0.785,whiteoak,4.41,1
0.65,0.792,whiteoak,3.07,1
0.67,0.832,whiteoak,3.5,1
0.591,0.814,whiteoak,5.02,1
0.597,0.802,whiteoak,2.69,1
0.63,0.819,whiteoak,4.66,1
0.627,0.829,whiteoak,1.47,1
0.629,0.839,whiteoak,3.36,1
0.576,0.991,whiteoak,2.35,1
0.609,0.906,whiteoak,5.65,1
0.614,0.892,whiteoak,7.69,1
0.632,0.873,whiteoak,4.86,0
0.657',0.932,whiteoak,4.69,0
0.698,0.95,whiteoak,2.24,1
0.706,0.981,whiteoak,4.74,1
0.695,0.984,whiteoak,6.17,1
0.688,0.979,whiteoak,3.16,1
0.685,0.985,whiteoak,4.28,1
0.672,0.966,whiteoak,6.6,0
0.665,0.984,whiteoak,2.9,0
0.662,0.979,whiteoak,3.19,1
0.628,0.927,whiteoak,7.11,1
0.621,0.989,whiteoak,4.25,1
0.577,0.978,whiteoak,3.02,1
0.645,0.958,whiteoak,3.53,1
0.634,0.978,whiteoak,8.87,1
0.75,0.919,whiteoak,3,1
0.762,0.906,whiteoak,7.4,1
0.797,0.876,whiteoak,1.79,1
0.793,0.943,whiteoak,5.66,1
0.726,0.981,whiteoak,1.68,1
0.742,0.981,whiteoak,4.29,1
0.751,0.959,whiteoak,6.1,1
0.724,0.947,whiteoak,4.98,1
0.745,0.75,whiteoak,1.95,0
0.754,0.755,whiteoak,3.87,1
0.773,0.78,whiteoak,5.2,1
0.759,0.723,whiteoak,4.54,1
0.801,0.776,whiteoak,4.99,1
0.85,0.761,whiteoak,4.17,1
0.834,0.721,whiteoak,5.12,1
0.817,0.737,whiteoak,0.01,1
0.789,0.831,whiteoak,0.63,1
0.804,0.83,whiteoak,1.9,1
0.851,0.838,whiteoak,0.99,0
0.768,0.833,whiteoak,0.11,1
0.777,0.828,whiteoak,5.13,1
0.756,0.793,whiteoak,5.24,1
0.768,0.649,whiteoak,1.41,1
0.767,0.62,whiteoak,2.71,1
0.854,0.637,whiteoak,7.55,0
0.859,0.645,whiteoak,0.41,1
0.85,0.603,whiteoak,1.03,1
0.87,#0.591,whiteoak,3.82,1
0.843,0.689,whiteoak,4.46,1
0.75,0.499,whiteoak,2.5,1
0.795,0.479,whiteoak,6,1
0.761,0.432,whiteoak,0.41,1
0.737,0.443,whiteoak,2.06,1
0.734,0.513,whiteoak,4.04,1
0.804,0.367,whiteoak,5.41,1
0.772,0.327,whiteoak,3.47,1
0.794,0.317,whiteoak,1.33,1
0.787,0.291,whiteoak,3.37,1
0.745,0.31,whiteoak,4.57,1
0.741,0.305,whiteoak,5.19,1
0.733,0.316,whiteoak,6.27,1
0.856,0.344,whiteoak,0.78,0
0.826,0.357,whiteoak,3.4,1
0.831,0.301,#whiteoak,5.99,1
0.811,0.308,whiteoak,2.85,0
0.806,0.41,whiteoak,1.11,1
0.825,0.425,whiteoak,1.01,1
0.839,0.418,whiteoak,2.01,1
0.718,0.411,whiteoak,2.8,0
0.758,0.395,whiteoak,2.86,1
0.742,0.181,whiteoak,1.61,1
0.733,0.165,whiteoak,1.69,1
0.772,0.157,whiteoak,2.96,1
0.807,0.177,whiteoak,8.02,0
0.833,0.199,whiteoak,2.75,1
0.852,0.188,whiteoak,3.61,1
0.855,0.156,whiteoak,4.91,1
0.813,0.144,whiteoak,2.05,1
0.805,0.208,whiteoak,5.95,1
0.738,0.286,whiteoak,6.37,1
0.756,0.219,whiteoak,4.15,1
0.776,0.065,whiteoak,6.45,1
0.773,0.006,whiteoak,4.14,1
0.747,0.001,whiteoak,0.94,1
0.844,0.034,whiteoak,9.05,1
0.791,0.024,whiteoak,2.8,1
0.821,0.115,whiteoak,2.61,1
0.828,0.124,whiteoak,2.71,1
0.824,0.132,whiteoak,2.45,1
0.792,0.096,whiteoak,5.99,0
0.802,0.136,whiteoak,2.07,1
0.722,0.118,whiteoak,4.73,0
0.751,0.077,whiteoak,7.14,1
0.78,0.109,whiteoak,6.56,1
0.859,0.011,whiteoak,5.05,1
0.864,0.038,whiteoak,4.99,1
0.911,0.016,whiteoak,3.19,1
0.887,0.047,whiteoak,2.98,1
0.864,0.156,whiteoak,5.28,1
0.949,0.186,whiteoak,6.18,1
0.937,0.238,whiteoak,4.68,1
0.968,0.24,whiteoak,2.17,1
0.959,0.305,whiteoak,1.89,0
0.939,0.49,whiteoak,7.32,1
0.861,0.474,whiteoak,3.51,1
0.961,0.498,whiteoak,6.1,1
0.947,0.553,whiteoak,6.54,0
0.919,0.56,whiteoak,3.4,1
0.996,0.674,whiteoak,5.64,1
0.994,0.705,whiteoak,8.26,1
0.913,0.698,whiteoak,2.66,1
0.863,0.738,whiteoak,4.82,1
0.917,0.751,whiteoak,1.31,1
0.971,0.756,whiteoak,2.16,1
0.931,0.773,whiteoak,3.91,1
0.943,0.787,whiteoak,3.4,1
0.992,0.834,whiteoak,4.74,1
0.998,0.845,whiteoak,3.73,1
0.978,0.853,whiteoak,6.03,1
0.895,0.798,whiteoak,5.58,1
0.922,0.814,whiteoak,9.03,1
0.88,0.824,whiteoak,4.67,1
0.863,0.826,whiteoak,0.55,1
0.9,0.927,whiteoak,4.55,1
0.991,0.863,whiteoak,3.97,1
0.96,0.981,whiteoak,6.31,1
0.955,0.966,whiteoak,6.14,1
0.865,0.936,whiteoak,4.98,1
0.905,0.959,whiteoak,1.09,1
0.86,0.982,whiteoak,5.2,1
0.302,0.102,whiteoak,2.29,1
0.298,0.169,whiteoak,7.41,1
